??,??(V),??(A),??(W),??(Hz),????,??,??
1,217.93,0.198,32.29,50.01,0.748,7:50:42 PM:928,1
2,217.84,0.285,52.42,50.01,0.844,7:50:43 PM:303,1
3,217.78,0.228,39.58,50.03,0.797,7:50:43 PM:678,1
4,217.91,0.296,49.07,49.99,0.761,7:50:44 PM:053,1
5,217.94,0.373,52.74,50.01,0.649,7:50:44 PM:428,1
6,217.96,0.230,40.86,50.00,0.815,7:50:44 PM:803,1
7,217.87,0.226,39.82,49.99,0.809,7:50:45 PM:177,1
8,217.80,0.230,37.99,50.01,0.758,7:50:45 PM:552,1
9,217.93,0.280,35.24,50.01,0.577,7:50:45 PM:927,1
10,217.87,0.226,38.84,50.02,0.789,7:50:46 PM:302,1
11,217.65,0.206,35.09,49.99,0.783,7:50:46 PM:677,1
12,217.70,0.161,23.94,49.98,0.683,7:50:47 PM:145,1
13,217.68,0.215,36.30,50.01,0.776,7:50:47 PM:520,1
14,217.72,0.271,49.71,49.99,0.843,7:50:47 PM:895,1
15,217.70,0.302,57.39,50.00,0.873,7:50:48 PM:286,1
16,217.88,0.254,38.43,49.99,0.694,7:50:48 PM:676,1
17,217.83,0.242,43.13,49.99,0.818,7:50:49 PM:067,1
18,217.89,0.258,46.64,49.99,0.830,7:50:49 PM:458,1
19,217.77,0.225,37.78,49.99,0.771,7:50:49 PM:848,1
20,217.62,0.278,52.07,49.99,0.861,7:50:50 PM:223,1
21,217.92,0.202,33.51,49.99,0.761,7:50:50 PM:598,1
22,217.85,0.244,42.46,49.97,0.799,7:50:50 PM:988,1
23,217.81,0.169,25.48,49.98,0.692,7:50:51 PM:363,1
24,217.82,0.237,40.14,49.99,0.778,7:50:51 PM:738,1
25,217.88,0.284,53.24,49.99,0.860,7:50:52 PM:129,1
26,218.07,0.256,42.89,49.98,0.768,7:50:52 PM:519,1
27,218.09,0.226,36.57,49.98,0.742,7:50:52 PM:894,1
28,217.91,0.244,41.81,49.98,0.786,7:50:53 PM:269,1
29,217.97,0.293,32.04,49.96,0.502,7:50:53 PM:660,1
30,217.92,0.289,52.43,49.96,0.832,7:50:54 PM:034,1
31,217.98,0.255,38.73,49.97,0.697,7:50:54 PM:410,1
32,218.02,0.243,42.23,49.98,0.797,7:50:54 PM:784,1
33,217.85,0.205,32.19,49.96,0.721,7:50:55 PM:175,1
34,217.93,0.236,42.17,49.95,0.820,7:50:55 PM:550,1
35,218.17,0.218,37.09,49.95,0.780,7:50:55 PM:925,1
36,218.11,0.248,42.38,49.96,0.784,7:50:56 PM:315,1
37,218.13,0.298,49.63,49.98,0.763,7:50:56 PM:690,1
38,218.31,0.230,39.57,49.96,0.788,7:50:57 PM:065,1
39,218.20,0.217,36.77,49.96,0.777,7:50:57 PM:440,1
40,218.32,0.173,26.27,49.97,0.696,7:50:57 PM:830,1
41,218.19,0.233,37.08,49.97,0.729,7:50:58 PM:205,1
42,218.09,0.198,32.77,49.98,0.759,7:50:58 PM:596,1
43,218.21,0.236,39.69,49.96,0.771,7:50:58 PM:971,1
44,218.27,0.295,41.13,49.97,0.639,7:50:59 PM:361,1
45,218.23,0.292,55.05,49.98,0.864,7:50:59 PM:736,1
46,218.10,0.206,34.51,49.96,0.768,7:51:00 PM:111,1
47,218.18,0.260,42.12,49.95,0.742,7:51:00 PM:502,1
48,218.21,0.184,28.39,49.97,0.707,7:51:00 PM:892,1
49,218.21,0.232,41.27,49.97,0.815,7:51:01 PM:283,1
50,218.18,0.242,41.47,49.98,0.785,7:51:01 PM:658,1
51,218.33,0.266,36.16,49.98,0.623,7:51:02 PM:048,1
52,218.20,0.230,38.64,49.98,0.770,7:51:02 PM:423,1
53,218.07,0.245,44.12,49.96,0.826,7:51:02 PM:801,1
54,218.14,0.230,37.36,49.97,0.745,7:51:03 PM:176,1
55,218.11,0.268,39.45,49.97,0.675,7:51:03 PM:556,1
56,218.12,0.313,58.36,49.97,0.855,7:51:03 PM:946,1
57,218.24,0.262,45.04,49.99,0.788,7:51:04 PM:336,1
58,218.15,0.235,38.67,49.98,0.754,7:51:04 PM:715,1
59,217.98,0.310,41.05,49.98,0.608,7:51:05 PM:105,1
60,218.02,0.247,41.20,49.97,0.765,7:51:05 PM:496,1
61,218.25,0.225,39.63,49.98,0.807,7:51:05 PM:871,1
62,218.23,0.265,45.57,49.98,0.788,7:51:06 PM:246,1
63,218.09,0.211,34.54,49.99,0.751,7:51:06 PM:620,1
64,218.01,0.247,40.68,49.99,0.755,7:51:07 PM:011,1
65,217.97,0.202,33.69,49.99,0.765,7:51:07 PM:448,1
66,218.00,0.233,40.70,49.97,0.801,7:51:07 PM:839,1
67,218.05,0.242,40.01,49.98,0.758,7:51:08 PM:214,1
68,217.99,0.226,38.95,49.99,0.791,7:51:08 PM:589,1
69,217.92,0.239,38.14,49.96,0.732,7:51:08 PM:979,1
70,217.82,0.257,43.92,49.97,0.785,7:51:09 PM:354,1
71,218.00,0.333,65.04,49.99,0.896,7:51:09 PM:738,1
72,218.08,0.235,39.11,49.98,0.763,7:51:10 PM:122,1
73,217.83,0.302,55.80,49.99,0.848,7:51:10 PM:488,1
74,218.03,0.305,57.43,50.00,0.864,7:51:10 PM:865,1
75,217.98,0.355,69.70,49.98,0.901,7:51:11 PM:258,1
76,217.93,0.326,63.23,49.98,0.890,7:51:11 PM:649,1
77,217.94,0.353,69.22,50.00,0.900,7:51:12 PM:039,1
78,217.93,0.359,70.76,49.99,0.904,7:51:12 PM:430,1
79,218.00,0.336,64.45,49.98,0.880,7:51:12 PM:820,1
80,218.01,0.356,69.80,49.99,0.899,7:51:13 PM:211,1
81,217.93,0.318,60.76,49.98,0.877,7:51:13 PM:602,1
82,218.00,0.330,63.36,49.99,0.881,7:51:13 PM:992,1
83,218.02,0.287,54.01,49.98,0.863,7:51:14 PM:367,1
84,217.98,0.297,55.45,49.98,0.857,7:51:14 PM:757,1
85,217.94,0.291,54.83,49.98,0.865,7:51:15 PM:132,1
86,217.68,0.297,55.82,49.97,0.863,7:51:15 PM:507,1
87,217.87,0.299,55.50,49.97,0.852,7:51:15 PM:898,1
88,218.01,0.307,57.88,49.99,0.865,7:51:16 PM:288,1
89,217.95,0.300,57.38,49.98,0.878,7:51:16 PM:663,1
90,217.95,0.329,64.02,49.98,0.893,7:51:17 PM:054,1
91,217.83,0.244,41.15,49.98,0.774,7:51:17 PM:444,1
92,217.72,0.263,39.96,49.97,0.698,7:51:17 PM:819,1
93,217.87,0.212,34.99,49.99,0.758,7:51:18 PM:194,1
94,217.86,0.221,37.07,49.98,0.770,7:51:18 PM:569,1
95,217.93,0.240,39.42,49.99,0.754,7:51:18 PM:944,1
96,217.97,0.251,24.52,49.99,0.448,7:51:19 PM:335,1
97,217.89,0.350,54.71,49.99,0.717,7:51:19 PM:709,1
98,217.80,0.385,74.51,49.96,0.889,7:51:20 PM:098,1
99,217.64,0.442,87.81,49.98,0.913,7:51:20 PM:489,1
100,217.75,0.429,82.57,49.97,0.884,7:51:20 PM:864,1
101,217.93,0.184,28.70,49.97,0.716,7:51:21 PM:254,1
102,217.85,0.357,65.38,49.99,0.841,7:51:21 PM:645,1
103,217.90,0.220,36.17,50.00,0.754,7:51:22 PM:035,1
104,217.98,0.197,30.80,49.99,0.717,7:51:22 PM:429,1
105,217.93,0.394,76.71,49.99,0.893,7:51:22 PM:819,1
106,218.09,0.191,30.88,49.99,0.741,7:51:23 PM:210,1
107,218.02,0.204,30.60,49.99,0.688,7:51:23 PM:585,1
108,217.88,0.385,76.31,50.01,0.910,7:51:23 PM:974,1
109,217.91,0.358,70.39,49.99,0.902,7:51:24 PM:365,1
110,217.87,0.394,78.13,49.98,0.910,7:51:24 PM:755,1
111,217.90,0.302,48.40,49.98,0.735,7:51:25 PM:146,1
112,217.81,0.348,67.01,49.99,0.884,7:51:25 PM:536,1
113,217.87,0.290,40.23,49.98,0.637,7:51:25 PM:927,1
114,217.93,0.321,57.07,50.01,0.816,7:51:26 PM:302,1
115,217.82,0.337,63.65,50.00,0.867,7:51:26 PM:692,1
116,218.00,0.319,61.46,49.99,0.884,7:51:27 PM:083,1
117,217.95,0.354,68.79,49.99,0.892,7:51:27 PM:473,1
118,217.88,0.353,69.34,49.99,0.902,7:51:27 PM:864,1
119,218.08,0.253,44.06,49.98,0.799,7:51:28 PM:239,1
120,217.78,0.257,45.77,49.98,0.818,7:51:28 PM:629,1
121,217.85,0.251,44.02,49.98,0.805,7:51:29 PM:004,1
122,217.82,0.209,34.70,49.99,0.762,7:51:29 PM:395,1
123,217.83,0.285,53.83,50.00,0.867,7:51:29 PM:785,1
124,217.92,0.282,50.93,49.99,0.829,7:51:30 PM:176,1
125,217.96,0.291,55.23,49.99,0.871,7:51:30 PM:551,1
126,217.85,0.225,38.23,50.00,0.780,7:51:30 PM:926,1
127,218.07,0.327,53.20,49.99,0.746,7:51:31 PM:301,1
128,217.89,0.291,41.60,49.99,0.656,7:51:31 PM:691,1
129,217.99,0.239,41.83,49.98,0.803,7:51:32 PM:066,1
130,218.13,0.253,44.64,50.01,0.809,7:51:32 PM:441,1
131,218.04,0.270,28.52,49.98,0.484,7:51:32 PM:832,1
132,218.08,0.281,37.04,50.01,0.604,7:51:33 PM:207,1
133,218.07,0.217,34.66,50.00,0.733,7:51:33 PM:582,1
134,218.05,0.212,34.38,49.99,0.744,7:51:33 PM:956,1
135,217.91,0.195,29.75,49.99,0.700,7:51:34 PM:331,1
136,217.82,0.261,39.38,49.99,0.693,7:51:34 PM:722,1
137,217.88,0.199,31.37,50.01,0.723,7:51:35 PM:112,1
138,217.96,0.215,35.82,49.99,0.764,7:51:35 PM:487,1
139,217.93,0.268,49.10,49.98,0.841,7:51:35 PM:878,1
140,217.94,0.253,43.14,49.99,0.782,7:51:36 PM:257,1
141,217.89,0.209,33.80,50.00,0.742,7:51:36 PM:645,1
142,217.83,0.231,38.79,49.99,0.771,7:51:37 PM:035,1
143,217.76,0.422,39.24,49.99,0.427,7:51:37 PM:410,1
144,217.77,0.238,37.95,49.99,0.732,7:51:37 PM:785,1
145,218.00,0.207,34.68,49.98,0.769,7:51:38 PM:160,1
146,217.91,0.233,40.22,50.00,0.792,7:51:38 PM:535,1
147,217.95,0.229,36.27,50.00,0.727,7:51:38 PM:925,1
148,217.89,0.249,43.71,49.99,0.806,7:51:39 PM:300,1
149,217.98,0.203,33.37,49.99,0.754,7:51:39 PM:675,1
150,218.01,0.218,36.50,50.01,0.768,7:51:40 PM:050,1
151,218.06,0.296,39.72,50.00,0.615,7:51:40 PM:441,1
152,218.05,0.261,46.06,49.99,0.809,7:51:40 PM:815,1
153,217.94,0.439,47.44,50.01,0.496,7:51:41 PM:203,1
154,217.99,0.297,36.95,49.99,0.571,7:51:41 PM:580,1
155,218.08,0.243,39.11,50.00,0.738,7:51:41 PM:971,1
156,217.97,0.277,50.65,50.01,0.839,7:51:42 PM:355,1
157,217.95,0.261,48.22,50.00,0.848,7:51:42 PM:730,1
158,218.03,0.316,61.13,50.01,0.887,7:51:43 PM:121,1
159,217.96,0.369,72.95,50.00,0.907,7:51:43 PM:511,1
160,218.01,0.300,57.25,50.00,0.875,7:51:43 PM:902,1
161,217.98,0.266,48.56,50.00,0.838,7:51:44 PM:292,1
162,217.91,0.241,38.29,50.01,0.729,7:51:44 PM:667,1
163,217.96,0.278,48.09,50.00,0.794,7:51:45 PM:042,1
164,217.98,0.290,51.17,50.01,0.809,7:51:45 PM:417,1
165,217.98,0.322,59.72,50.02,0.851,7:51:45 PM:807,1
166,217.89,0.253,42.82,50.01,0.777,7:51:46 PM:198,1
167,217.97,0.269,47.96,50.01,0.818,7:51:46 PM:573,1
168,218.05,0.235,38.96,50.00,0.760,7:51:46 PM:948,1
169,218.03,0.175,28.25,50.01,0.740,7:51:47 PM:339,1
170,217.95,0.306,42.24,50.01,0.633,7:51:47 PM:729,1
171,218.01,0.192,31.64,50.03,0.756,7:51:48 PM:120,1
172,218.03,0.303,50.01,50.02,0.757,7:51:48 PM:510,1
173,218.15,0.229,36.77,50.04,0.736,7:51:48 PM:900,1
174,218.14,0.235,38.63,50.04,0.753,7:51:49 PM:275,1
175,218.19,0.250,43.06,50.03,0.789,7:51:49 PM:666,1
176,218.08,0.236,41.93,50.04,0.815,7:51:50 PM:041,1
177,218.04,0.245,40.11,50.04,0.751,7:51:50 PM:431,1
178,218.04,0.252,43.99,50.04,0.801,7:51:50 PM:807,1
179,217.90,0.203,33.07,50.04,0.748,7:51:51 PM:181,1
180,217.87,0.228,39.82,50.02,0.802,7:51:51 PM:556,1
181,218.01,0.409,44.25,50.05,0.496,7:51:51 PM:947,1
182,218.11,0.193,30.14,50.05,0.716,7:51:52 PM:322,1
183,218.06,0.198,32.80,50.02,0.760,7:51:52 PM:712,1
184,218.17,0.177,27.66,50.03,0.716,7:51:53 PM:103,1
185,218.00,0.309,40.57,50.03,0.602,7:51:53 PM:493,1
186,217.90,0.181,28.84,50.04,0.731,7:51:53 PM:868,1
187,217.84,0.204,32.30,50.05,0.727,7:51:54 PM:243,1
188,217.80,0.185,27.92,50.05,0.693,7:51:54 PM:618,1
189,217.73,0.254,44.37,50.05,0.802,7:51:54 PM:993,1
190,217.69,0.276,50.17,50.04,0.835,7:51:55 PM:383,1
191,217.81,0.239,40.82,50.04,0.784,7:51:55 PM:758,1
192,217.64,0.309,55.55,50.04,0.826,7:51:56 PM:149,1
193,217.43,0.249,41.08,50.06,0.759,7:51:56 PM:539,1
194,217.65,0.250,40.19,50.05,0.739,7:51:56 PM:914,1
195,217.67,0.308,55.07,50.04,0.821,7:51:57 PM:305,1
196,217.60,0.238,41.48,50.05,0.801,7:51:57 PM:680,1
197,217.82,0.225,25.99,50.05,0.530,7:51:58 PM:070,1
198,217.59,0.255,42.86,50.03,0.772,7:51:58 PM:461,1
199,217.60,0.313,59.69,50.03,0.876,7:51:58 PM:851,1
200,217.71,0.367,72.71,50.05,0.910,7:51:59 PM:242,1
201,217.59,0.305,58.09,50.04,0.875,7:51:59 PM:632,1
202,217.60,0.285,53.17,50.05,0.857,7:52:00 PM:023,1
203,217.58,0.360,68.79,50.05,0.878,7:52:00 PM:429,1
204,217.65,0.323,62.51,50.04,0.889,7:52:00 PM:820,1
205,217.85,0.291,55.19,50.04,0.871,7:52:01 PM:210,1
206,217.87,0.274,51.15,50.04,0.857,7:52:01 PM:585,1
207,217.88,0.307,57.90,50.05,0.866,7:52:01 PM:976,1
208,217.98,0.270,49.25,50.04,0.837,7:52:02 PM:350,1
209,217.97,0.245,43.93,50.05,0.823,7:52:02 PM:726,1
210,218.05,0.212,32.43,50.03,0.701,7:52:03 PM:116,1
211,218.02,0.246,40.76,50.04,0.760,7:52:03 PM:491,1
212,218.11,0.274,44.72,50.03,0.748,7:52:03 PM:882,1
213,218.03,0.306,47.12,50.04,0.706,7:52:04 PM:272,1
214,217.91,0.368,60.66,50.04,0.756,7:52:04 PM:663,1
215,217.99,0.242,40.39,50.05,0.766,7:52:05 PM:037,1
216,218.03,0.216,36.87,50.04,0.783,7:52:05 PM:426,1
217,218.16,0.214,34.34,50.04,0.736,7:52:05 PM:801,1
218,218.10,0.390,38.97,50.04,0.458,7:52:06 PM:176,1
219,217.89,0.245,42.15,50.04,0.790,7:52:06 PM:566,1
220,217.98,0.212,34.94,50.04,0.756,7:52:06 PM:941,1
221,218.03,0.199,32.15,50.05,0.741,7:52:07 PM:316,1
222,217.91,0.316,52.93,50.04,0.769,7:52:07 PM:706,1
223,218.07,0.278,41.60,50.05,0.686,7:52:08 PM:081,1
224,217.97,0.234,31.73,50.05,0.622,7:52:08 PM:456,1
225,217.91,0.373,72.51,50.04,0.892,7:52:08 PM:845,1
226,217.96,0.411,82.83,50.04,0.925,7:52:09 PM:237,1
227,217.87,0.285,53.70,50.04,0.865,7:52:09 PM:612,1
228,217.95,0.250,44.28,50.03,0.813,7:52:09 PM:987,1
229,217.94,0.205,24.32,50.04,0.544,7:52:10 PM:377,1
230,217.85,0.239,40.79,50.04,0.783,7:52:10 PM:768,1
231,218.04,0.276,51.69,50.05,0.859,7:52:11 PM:143,1
232,217.86,0.340,64.86,50.04,0.876,7:52:11 PM:533,1
233,217.99,0.214,34.93,50.03,0.749,7:52:11 PM:908,1
234,217.88,0.293,54.60,50.03,0.855,7:52:12 PM:283,1
235,217.83,0.233,38.90,50.04,0.767,7:52:12 PM:674,1
236,217.92,0.213,34.82,50.02,0.750,7:52:13 PM:064,1
237,218.05,0.313,54.39,50.03,0.797,7:52:13 PM:455,1
238,217.96,0.273,50.93,50.03,0.856,7:52:13 PM:845,1
239,217.98,0.241,40.40,50.03,0.769,7:52:14 PM:236,1
240,217.99,0.251,40.01,50.04,0.731,7:52:14 PM:611,1
241,218.05,0.244,39.36,50.02,0.740,7:52:14 PM:986,1
242,218.17,0.287,47.87,50.02,0.764,7:52:15 PM:361,1
243,218.10,0.281,51.94,50.03,0.848,7:52:15 PM:751,1
244,218.10,0.232,37.43,50.03,0.740,7:52:16 PM:126,1
245,218.02,0.284,40.95,50.04,0.661,7:52:16 PM:501,1
246,217.89,0.283,52.80,50.03,0.856,7:52:16 PM:891,1
247,218.02,0.279,51.87,50.03,0.853,7:52:17 PM:282,1
248,217.88,0.242,39.13,50.04,0.742,7:52:17 PM:672,1
249,217.87,0.261,42.86,50.04,0.754,7:52:18 PM:063,1
250,218.02,0.317,61.03,50.02,0.883,7:52:18 PM:451,1
251,218.08,0.262,47.79,50.02,0.836,7:52:18 PM:842,1
252,218.01,0.294,53.38,50.03,0.833,7:52:19 PM:222,1
253,217.94,0.251,38.22,50.01,0.699,7:52:19 PM:603,1
254,217.95,0.252,38.38,50.02,0.699,7:52:19 PM:977,1
255,217.91,0.296,54.34,50.01,0.843,7:52:20 PM:368,1
256,217.92,0.338,65.70,50.02,0.892,7:52:20 PM:755,1
257,218.11,0.339,55.11,50.03,0.745,7:52:21 PM:141,1
258,217.97,0.334,64.33,50.04,0.884,7:52:21 PM:524,1
259,217.92,0.378,75.29,50.03,0.914,7:52:21 PM:905,1
260,218.11,0.430,87.07,50.01,0.928,7:52:22 PM:291,1
261,217.96,0.327,63.20,50.03,0.887,7:52:22 PM:676,1
262,218.11,0.305,57.20,50.03,0.860,7:52:23 PM:058,1
263,218.12,0.323,61.46,50.04,0.872,7:52:23 PM:444,1
264,218.14,0.265,48.10,50.02,0.832,7:52:23 PM:827,1
265,218.22,0.243,43.72,50.03,0.825,7:52:24 PM:211,1
266,218.04,0.219,37.35,50.04,0.782,7:52:24 PM:590,1
267,217.97,0.275,46.43,50.00,0.775,7:52:24 PM:965,1
268,217.98,0.209,34.87,50.03,0.765,7:52:25 PM:345,1
269,218.01,0.281,48.13,50.00,0.786,7:52:25 PM:736,1
270,218.27,0.184,28.32,50.03,0.705,7:52:26 PM:111,1
271,218.06,0.236,41.39,50.02,0.804,7:52:26 PM:496,1
272,217.84,0.266,34.99,50.02,0.604,7:52:26 PM:862,1
273,218.07,0.464,57.02,50.01,0.564,7:52:27 PM:248,1
274,218.10,0.196,32.59,50.01,0.762,7:52:27 PM:618,1
275,217.99,0.231,40.80,50.03,0.810,7:52:27 PM:995,1
276,218.20,0.236,40.70,50.03,0.790,7:52:28 PM:382,1
277,217.99,0.316,54.07,50.03,0.785,7:52:28 PM:766,1
278,218.00,0.295,56.10,50.02,0.872,7:52:29 PM:148,1
279,217.92,0.368,46.28,50.02,0.577,7:52:29 PM:533,1
280,217.90,0.387,76.12,50.01,0.903,7:52:29 PM:920,1
281,217.96,0.344,55.67,50.02,0.742,7:52:30 PM:311,1
282,217.90,0.323,40.34,49.99,0.573,7:52:30 PM:701,1
283,218.02,0.289,53.49,50.01,0.849,7:52:31 PM:105,1
284,217.97,0.392,75.74,50.01,0.886,7:52:31 PM:481,1
285,217.82,0.393,78.07,50.03,0.912,7:52:31 PM:866,1
286,217.99,0.347,66.98,50.01,0.885,7:52:32 PM:250,1
287,217.90,0.335,64.90,50.01,0.889,7:52:32 PM:644,1
288,217.85,0.324,62.06,50.01,0.879,7:52:33 PM:025,1
289,218.04,0.276,46.85,50.01,0.779,7:52:33 PM:398,1
290,217.93,0.285,52.58,50.03,0.847,7:52:33 PM:785,1
291,217.80,0.386,76.87,50.00,0.914,7:52:34 PM:168,1
292,217.77,0.385,76.62,50.00,0.914,7:52:34 PM:537,1
293,217.65,0.587,85.10,50.00,0.666,7:52:34 PM:919,1
294,217.70,0.369,73.12,50.01,0.910,7:52:35 PM:287,1
295,217.84,0.327,63.40,50.03,0.890,7:52:35 PM:671,1
296,217.95,0.343,65.27,50.00,0.873,7:52:36 PM:055,1
297,217.82,0.371,71.26,50.01,0.882,7:52:36 PM:437,1
298,217.70,0.300,55.98,50.00,0.857,7:52:36 PM:822,1
299,217.66,0.297,54.75,50.00,0.847,7:52:37 PM:206,1
300,217.75,0.347,67.80,49.99,0.897,7:52:37 PM:590,1
301,217.75,0.394,77.63,49.99,0.905,7:52:37 PM:973,1
302,217.87,0.364,71.82,49.99,0.906,7:52:38 PM:363,1
303,217.66,0.361,70.86,49.99,0.902,7:52:38 PM:741,1
304,217.73,0.386,75.61,49.99,0.900,7:52:39 PM:133,1
305,217.76,0.410,81.89,50.00,0.917,7:52:39 PM:523,1
306,217.85,0.362,71.48,49.99,0.906,7:52:39 PM:894,1
307,217.94,0.301,56.68,49.99,0.864,7:52:40 PM:266,1
308,217.82,0.314,59.81,50.01,0.874,7:52:40 PM:644,1
309,217.95,0.358,65.90,49.98,0.845,7:52:41 PM:029,1
310,217.94,0.362,66.32,49.99,0.841,7:52:41 PM:392,1
311,217.71,0.486,99.06,49.99,0.936,7:52:41 PM:771,1
312,217.75,0.307,55.08,49.98,0.824,7:52:42 PM:150,1
313,217.81,0.340,66.49,49.99,0.898,7:52:42 PM:524,1
314,217.78,0.421,84.55,49.99,0.922,7:52:42 PM:891,1
315,217.82,0.395,67.70,49.98,0.787,7:52:43 PM:270,1
316,217.80,0.392,78.16,49.98,0.915,7:52:43 PM:646,1
317,217.85,0.298,55.74,50.00,0.859,7:52:44 PM:014,1
318,217.84,0.422,84.24,49.98,0.916,7:52:44 PM:379,1
319,217.87,0.326,61.33,49.98,0.863,7:52:44 PM:763,1
320,217.85,0.398,78.57,49.99,0.906,7:52:45 PM:140,1
321,218.02,0.303,57.15,49.97,0.865,7:52:45 PM:529,1
322,217.91,0.315,59.55,49.97,0.868,7:52:45 PM:913,1
323,217.95,0.336,64.34,49.98,0.879,7:52:46 PM:298,1
324,217.81,0.283,51.21,49.97,0.831,7:52:46 PM:682,1
325,217.79,0.287,51.87,49.98,0.830,7:52:47 PM:047,1
326,217.69,0.365,70.58,49.97,0.888,7:52:47 PM:432,1
327,217.78,0.250,45.01,49.96,0.827,7:52:47 PM:800,1
328,217.77,0.210,34.22,49.95,0.748,7:52:48 PM:182,1
329,217.80,0.247,43.11,49.96,0.801,7:52:48 PM:549,1
330,217.59,0.252,44.81,49.96,0.817,7:52:48 PM:934,1
331,217.74,0.261,39.33,49.97,0.692,7:52:49 PM:301,1
332,217.72,0.218,36.00,49.96,0.758,7:52:49 PM:684,1
333,217.72,0.226,38.52,49.97,0.783,7:52:50 PM:048,1
334,217.64,0.233,39.17,49.97,0.772,7:52:50 PM:435,1
335,217.51,0.333,62.56,49.96,0.864,7:52:50 PM:802,1
336,217.60,0.363,69.92,49.96,0.885,7:52:51 PM:185,1
337,217.62,0.309,59.11,49.96,0.879,7:52:51 PM:552,1
338,217.67,0.366,72.36,49.97,0.908,7:52:51 PM:930,1
339,217.82,0.334,63.41,49.97,0.872,7:52:52 PM:304,1
340,217.76,0.237,39.23,49.96,0.760,7:52:52 PM:670,1
341,217.87,0.256,41.03,49.96,0.736,7:52:53 PM:037,1
342,218.01,0.289,54.19,49.97,0.860,7:52:53 PM:422,1
343,217.97,0.255,39.17,49.97,0.705,7:52:53 PM:805,1
344,217.95,0.302,52.54,49.97,0.798,7:52:54 PM:189,1
345,217.92,0.190,29.85,49.96,0.721,7:52:54 PM:572,1
346,217.89,0.233,41.10,49.97,0.809,7:52:54 PM:957,1
347,218.11,0.196,32.63,49.96,0.763,7:52:55 PM:339,1
348,218.11,0.226,37.29,49.98,0.756,7:52:55 PM:702,1
349,218.11,0.222,38.44,49.98,0.794,7:52:56 PM:091,1
350,218.06,0.293,52.60,49.97,0.823,7:52:56 PM:457,1
351,218.04,0.195,31.63,49.96,0.744,7:52:56 PM:855,1
352,218.16,0.291,52.13,49.96,0.821,7:52:57 PM:224,1
353,218.08,0.222,37.23,49.96,0.769,7:52:57 PM:592,1
354,218.04,0.223,38.40,49.97,0.790,7:52:57 PM:958,1
355,218.25,0.189,29.49,49.97,0.715,7:52:58 PM:328,1
356,217.98,0.230,40.45,49.97,0.807,7:52:58 PM:711,1
357,218.03,0.229,37.77,49.97,0.756,7:52:59 PM:075,1
358,217.92,0.295,52.68,49.97,0.819,7:52:59 PM:541,1
359,217.85,0.293,47.19,49.96,0.739,7:52:59 PM:910,1
360,217.86,0.277,48.65,49.95,0.806,7:53:00 PM:294,1
361,217.93,0.368,58.59,49.98,0.731,7:53:00 PM:663,1
362,217.83,0.419,83.34,49.98,0.913,7:53:01 PM:032,1
363,217.96,0.297,54.77,49.97,0.846,7:53:01 PM:412,1
364,217.94,0.358,70.47,49.98,0.903,7:53:01 PM:795,1
365,218.01,0.313,60.20,49.96,0.882,7:53:02 PM:180,1
366,217.72,0.324,62.39,49.96,0.885,7:53:02 PM:562,1
367,217.85,0.190,31.56,49.97,0.763,7:53:02 PM:938,1
368,217.89,0.343,58.74,49.95,0.786,7:53:03 PM:312,1
369,217.83,0.373,51.77,49.99,0.637,7:53:03 PM:698,1
370,217.89,0.235,41.95,49.96,0.819,7:53:04 PM:061,1
371,217.78,0.346,66.44,49.99,0.882,7:53:04 PM:449,1
372,217.83,0.313,54.75,49.96,0.803,7:53:04 PM:816,1
373,217.91,0.305,58.37,49.98,0.878,7:53:05 PM:201,1
374,217.89,0.176,26.71,49.97,0.697,7:53:05 PM:567,1
375,217.84,0.307,54.12,49.97,0.809,7:53:05 PM:951,1
376,217.97,0.191,29.96,49.97,0.720,7:53:06 PM:317,1
377,217.96,0.264,47.23,49.97,0.821,7:53:06 PM:701,1
378,217.96,0.198,31.15,49.97,0.722,7:53:07 PM:069,1
379,217.92,0.303,43.18,49.96,0.654,7:53:07 PM:452,1
380,217.94,0.215,35.69,49.97,0.762,7:53:07 PM:835,1
381,217.97,0.241,41.12,49.97,0.783,7:53:08 PM:228,1
382,217.88,0.216,34.82,49.98,0.740,7:53:08 PM:600,1
383,217.75,0.382,51.60,49.95,0.620,7:53:08 PM:970,1
384,217.81,0.314,59.23,49.97,0.866,7:53:09 PM:355,1
385,217.79,0.254,45.28,49.98,0.819,7:53:09 PM:738,1
386,217.93,0.243,41.44,49.98,0.783,7:53:10 PM:120,1
387,217.88,0.286,53.59,49.97,0.860,7:53:10 PM:488,1
388,217.94,0.235,41.80,49.98,0.816,7:53:10 PM:873,1
389,218.01,0.216,35.52,49.97,0.754,7:53:11 PM:255,1
390,217.75,0.228,36.43,49.97,0.734,7:53:11 PM:640,1
391,217.86,0.250,43.20,49.96,0.793,7:53:12 PM:023,1
392,217.86,0.224,39.20,49.98,0.803,7:53:12 PM:406,1
393,217.71,0.253,44.41,49.96,0.806,7:53:12 PM:793,1
394,217.94,0.391,56.13,49.98,0.659,7:53:13 PM:174,1
395,217.76,0.287,53.77,49.97,0.860,7:53:13 PM:558,1
396,217.83,0.253,45.36,49.96,0.823,7:53:13 PM:925,1
397,217.89,0.201,31.46,49.96,0.718,7:53:14 PM:308,1
398,217.73,0.314,52.46,49.97,0.767,7:53:14 PM:687,1
399,217.94,0.234,38.79,49.97,0.761,7:53:15 PM:078,1
400,218.02,0.214,36.58,49.97,0.784,7:53:15 PM:469,1
401,217.92,0.294,55.81,49.99,0.871,7:53:15 PM:859,1
402,218.07,0.280,52.54,49.96,0.860,7:53:16 PM:234,1
403,217.94,0.264,48.80,49.97,0.848,7:53:16 PM:625,1
404,217.95,0.321,60.55,49.96,0.865,7:53:17 PM:000,1
405,217.99,0.375,49.28,49.99,0.603,7:53:17 PM:390,1
406,217.86,0.289,54.26,49.96,0.862,7:53:17 PM:765,1
407,217.89,0.287,51.23,49.97,0.819,7:53:18 PM:155,1
408,218.14,0.282,52.09,49.96,0.847,7:53:18 PM:546,1
409,218.08,0.289,53.42,50.00,0.848,7:53:18 PM:921,1
410,218.17,0.328,52.85,49.98,0.739,7:53:19 PM:296,1
411,218.12,0.290,54.51,49.99,0.862,7:53:19 PM:686,1
412,218.07,0.344,67.48,49.96,0.900,7:53:20 PM:077,1
413,218.05,0.356,69.33,49.98,0.893,7:53:20 PM:452,1
414,218.02,0.323,62.38,49.98,0.886,7:53:20 PM:827,1
415,218.08,0.306,58.44,49.98,0.876,7:53:21 PM:202,1
416,218.06,0.224,36.34,49.99,0.744,7:53:21 PM:592,1
417,218.09,0.444,51.45,49.98,0.531,7:53:21 PM:983,1
418,218.06,0.242,42.46,49.98,0.805,7:53:22 PM:358,1
419,217.90,0.263,48.17,49.98,0.841,7:53:22 PM:748,1
420,217.96,0.222,36.56,49.97,0.756,7:53:23 PM:139,1
421,218.00,0.312,59.54,49.98,0.875,7:53:23 PM:529,1
422,218.08,0.266,49.35,49.98,0.851,7:53:23 PM:904,1
423,218.06,0.293,47.05,49.98,0.736,7:53:24 PM:279,1
424,217.92,0.216,36.64,49.98,0.778,7:53:24 PM:654,1
425,218.03,0.256,43.38,49.98,0.777,7:53:25 PM:029,1
426,218.09,0.287,53.89,49.97,0.861,7:53:25 PM:404,1
427,217.99,0.216,36.64,49.99,0.778,7:53:25 PM:779,1
428,217.96,0.237,39.29,49.99,0.761,7:53:26 PM:154,1
429,217.93,0.282,50.20,49.99,0.817,7:53:26 PM:544,1
430,217.92,0.210,36.19,49.98,0.791,7:53:26 PM:919,1
431,217.91,0.228,38.76,49.99,0.780,7:53:27 PM:294,1
432,218.00,0.388,42.06,49.99,0.497,7:53:27 PM:684,1
433,217.86,0.179,28.01,49.99,0.718,7:53:28 PM:059,1
434,218.05,0.191,31.08,49.99,0.746,7:53:28 PM:434,1
435,217.96,0.189,29.99,49.99,0.728,7:53:28 PM:825,1
436,217.96,0.213,36.62,49.98,0.789,7:53:29 PM:200,1
437,217.87,0.209,34.37,49.98,0.755,7:53:29 PM:590,1
438,217.96,0.222,35.91,49.98,0.742,7:53:29 PM:965,1
439,218.05,0.192,30.03,49.99,0.717,7:53:30 PM:340,1
440,217.95,0.207,34.44,49.99,0.763,7:53:30 PM:715,1
441,218.09,0.213,34.06,49.99,0.733,7:53:31 PM:090,1
442,218.19,0.211,33.97,49.99,0.738,7:53:31 PM:465,1
443,218.24,0.196,30.93,49.99,0.723,7:53:31 PM:840,1
444,218.06,0.216,37.23,50.00,0.791,7:53:32 PM:215,1
445,217.97,0.210,34.01,49.97,0.743,7:53:32 PM:590,1
446,218.09,0.237,39.56,50.00,0.765,7:53:32 PM:980,1
447,218.03,0.198,31.04,49.98,0.719,7:53:33 PM:355,1
448,218.09,0.224,39.40,49.99,0.807,7:53:33 PM:746,1
449,218.17,0.241,38.81,50.00,0.738,7:53:34 PM:121,1
450,218.22,0.240,40.15,49.98,0.767,7:53:34 PM:495,1
451,218.23,0.192,30.32,49.99,0.724,7:53:34 PM:870,1
452,218.28,0.206,34.78,50.00,0.774,7:53:35 PM:245,1
453,218.27,0.230,40.02,49.99,0.797,7:53:35 PM:620,1
454,218.35,0.238,41.10,49.99,0.791,7:53:35 PM:995,1
455,218.40,0.224,37.16,50.00,0.760,7:53:36 PM:370,1
456,218.30,0.227,39.68,50.00,0.801,7:53:36 PM:745,1
457,218.32,0.211,35.55,49.99,0.772,7:53:37 PM:120,1
458,218.39,0.243,42.30,50.01,0.797,7:53:37 PM:495,1
459,218.36,0.199,31.43,50.00,0.723,7:53:37 PM:870,1
460,218.16,0.234,38.89,50.01,0.762,7:53:38 PM:245,1
461,218.29,0.224,38.51,50.00,0.788,7:53:38 PM:635,1
462,218.28,0.247,42.92,50.00,0.796,7:53:39 PM:025,1
463,218.42,0.213,35.35,50.01,0.760,7:53:39 PM:416,1
464,218.30,0.236,41.65,50.00,0.808,7:53:39 PM:791,1
465,218.44,0.219,36.68,50.02,0.767,7:53:40 PM:166,1
466,218.35,0.174,27.45,50.01,0.722,7:53:40 PM:556,1
467,218.30,0.297,39.75,50.02,0.613,7:53:40 PM:931,1
468,218.44,0.184,28.95,50.00,0.720,7:53:41 PM:306,1
469,218.36,0.229,39.33,50.02,0.787,7:53:41 PM:681,1
470,218.32,0.212,34.19,50.00,0.739,7:53:42 PM:072,1
471,218.37,0.223,37.59,50.02,0.772,7:53:42 PM:447,1
472,218.35,0.239,42.44,50.01,0.813,7:53:42 PM:822,1
473,218.29,0.235,42.16,50.00,0.822,7:53:43 PM:197,1
474,218.15,0.315,50.57,50.02,0.736,7:53:43 PM:587,1
475,218.24,0.233,37.44,50.02,0.736,7:53:43 PM:962,1
476,218.25,0.184,28.89,50.02,0.719,7:53:44 PM:337,1
477,218.10,0.314,59.19,50.02,0.864,7:53:44 PM:727,1
478,218.26,0.300,56.65,50.05,0.865,7:53:45 PM:118,1
479,218.31,0.385,76.69,50.03,0.912,7:53:45 PM:524,1
480,218.15,0.407,81.70,50.05,0.920,7:53:45 PM:915,1
481,218.25,0.170,25.93,50.03,0.699,7:53:46 PM:305,1
482,218.14,0.227,37.09,50.03,0.749,7:53:46 PM:680,1
483,218.18,0.245,40.82,50.05,0.764,7:53:47 PM:055,1
484,218.18,0.285,52.28,50.05,0.841,7:53:47 PM:445,1
485,218.03,0.327,63.59,50.03,0.892,7:53:47 PM:820,1
486,217.92,0.369,73.37,50.05,0.912,7:53:48 PM:195,1
487,218.01,0.179,27.07,50.05,0.694,7:53:48 PM:570,1
488,218.10,0.320,55.57,50.03,0.796,7:53:48 PM:961,1
489,218.22,0.240,42.12,50.02,0.804,7:53:49 PM:351,1
490,218.10,0.298,56.50,50.04,0.869,7:53:49 PM:742,1
491,218.12,0.356,68.80,50.04,0.886,7:53:50 PM:132,1
492,218.11,0.267,49.32,50.04,0.847,7:53:50 PM:507,1
493,218.03,0.335,64.41,50.04,0.882,7:53:50 PM:898,1
494,218.18,0.218,37.24,50.05,0.783,7:53:51 PM:273,1
495,218.18,0.276,45.22,50.03,0.751,7:53:51 PM:663,1
496,218.20,0.225,37.72,50.04,0.768,7:53:52 PM:038,1
497,218.13,0.212,34.74,50.03,0.751,7:53:52 PM:413,1
498,218.20,0.222,38.77,50.04,0.800,7:53:52 PM:788,1
499,218.23,0.217,36.14,50.04,0.763,7:53:53 PM:163,1
500,217.96,0.184,28.53,50.05,0.711,7:53:53 PM:553,1
501,217.94,0.230,38.30,50.05,0.764,7:53:53 PM:928,1
502,217.93,0.265,48.88,50.03,0.846,7:53:54 PM:319,1
503,217.78,0.275,50.87,50.06,0.849,7:53:54 PM:694,1
504,218.01,0.252,26.41,50.04,0.481,7:53:55 PM:069,1
505,217.94,0.274,50.21,50.04,0.841,7:53:55 PM:443,1
506,217.49,0.218,36.76,50.04,0.775,7:53:55 PM:819,1
507,217.64,0.330,41.25,50.05,0.574,7:53:56 PM:194,1
508,217.73,0.196,29.09,50.03,0.682,7:53:56 PM:568,1
509,217.55,0.385,59.71,50.04,0.713,7:53:56 PM:959,1
510,217.74,0.248,42.18,50.03,0.781,7:53:57 PM:349,1
511,217.77,0.214,36.65,50.04,0.786,7:53:57 PM:724,1
512,217.82,0.259,47.04,50.04,0.834,7:53:58 PM:099,1
513,217.80,0.257,42.92,50.04,0.767,7:53:58 PM:490,1
514,217.60,0.225,36.53,50.03,0.746,7:53:58 PM:865,1
515,217.84,0.213,35.08,50.03,0.756,7:53:59 PM:240,1
516,217.81,0.192,29.47,50.05,0.705,7:53:59 PM:614,1
517,217.71,0.302,50.38,50.05,0.766,7:54:00 PM:005,1
518,217.89,0.176,27.43,50.04,0.715,7:54:00 PM:380,1
519,217.93,0.236,41.00,50.03,0.797,7:54:00 PM:770,1
520,217.93,0.447,40.91,50.04,0.420,7:54:01 PM:161,1
521,217.98,0.273,37.19,50.04,0.625,7:54:01 PM:536,1
522,218.03,0.219,36.36,50.04,0.761,7:54:01 PM:911,1
523,218.13,0.197,31.41,50.04,0.731,7:54:02 PM:301,1
524,218.23,0.235,37.75,50.04,0.736,7:54:02 PM:692,1
525,218.12,0.214,35.88,50.04,0.769,7:54:03 PM:067,1
526,218.07,0.195,32.19,50.03,0.757,7:54:03 PM:442,1
527,217.88,0.277,47.14,50.05,0.781,7:54:03 PM:832,1
528,218.12,0.371,42.79,50.04,0.529,7:54:04 PM:207,1
529,217.86,0.289,54.35,50.03,0.863,7:54:04 PM:598,1
530,217.90,0.258,44.87,50.03,0.798,7:54:04 PM:988,1
531,218.02,0.221,36.76,277.16,0.763,7:54:05 PM:363,1
532,217.93,0.281,52.68,50.03,0.860,7:54:05 PM:754,1
533,218.04,0.329,45.90,50.02,0.640,7:54:06 PM:144,1
534,218.10,0.449,58.25,50.04,0.595,7:54:06 PM:535,1
535,218.03,0.416,43.22,50.02,0.477,7:54:06 PM:925,1
536,218.05,0.193,31.13,50.03,0.740,7:54:07 PM:316,1
537,217.89,0.206,34.09,50.01,0.760,7:54:07 PM:691,1
538,217.92,0.225,39.20,50.03,0.799,7:54:08 PM:066,1
539,217.87,0.239,38.59,50.04,0.741,7:54:08 PM:441,1
540,217.57,0.221,37.08,50.05,0.771,7:54:08 PM:831,1
541,217.75,0.239,38.30,50.04,0.736,7:54:09 PM:206,1
542,217.79,0.191,29.99,50.02,0.721,7:54:09 PM:597,1
543,217.74,0.242,40.68,50.03,0.772,7:54:09 PM:987,1
544,217.86,0.186,30.53,50.03,0.753,7:54:10 PM:362,1
545,217.73,0.283,52.37,50.03,0.850,7:54:10 PM:737,1
546,217.79,0.283,38.12,50.03,0.619,7:54:11 PM:127,1
547,217.85,0.389,41.01,50.01,0.484,7:54:11 PM:502,1
548,217.63,0.313,54.41,50.03,0.799,7:54:11 PM:877,1
549,217.67,0.290,54.79,50.03,0.868,7:54:12 PM:268,1
550,217.85,0.208,31.80,50.03,0.702,7:54:12 PM:643,1
551,217.79,0.228,40.04,50.03,0.806,7:54:13 PM:017,1
552,217.67,0.370,68.09,50.03,0.845,7:54:13 PM:408,1
553,217.47,0.286,54.00,50.02,0.868,7:54:13 PM:799,1
554,217.44,0.319,60.90,50.02,0.878,7:54:14 PM:173,1
555,217.54,0.257,46.91,50.01,0.839,7:54:14 PM:564,1
556,217.53,0.365,49.70,50.02,0.626,7:54:14 PM:939,1
557,217.78,0.272,38.06,50.02,0.643,7:54:15 PM:329,1
558,217.63,0.202,33.55,50.01,0.763,7:54:15 PM:705,1
559,217.47,0.204,33.87,50.02,0.763,7:54:16 PM:079,1
560,217.60,0.243,41.86,49.99,0.792,7:54:16 PM:454,1
561,217.54,0.191,20.81,50.01,0.501,7:54:16 PM:829,1
562,217.48,0.242,40.46,50.01,0.769,7:54:17 PM:204,1
563,217.42,0.450,50.23,50.01,0.513,7:54:17 PM:595,1
564,217.43,0.261,44.11,50.00,0.777,7:54:17 PM:969,1
565,217.48,0.294,55.53,50.00,0.868,7:54:18 PM:360,1
566,217.50,0.245,41.04,49.98,0.770,7:54:18 PM:735,1
567,217.47,0.212,35.09,50.00,0.761,7:54:19 PM:125,1
568,217.61,0.258,40.87,49.97,0.728,7:54:19 PM:500,1
569,217.46,0.230,39.26,49.99,0.785,7:54:19 PM:875,1
570,217.47,0.259,45.71,49.99,0.812,7:54:20 PM:250,1
571,217.36,0.210,33.37,49.99,0.731,7:54:20 PM:625,1
572,217.37,0.272,39.42,49.99,0.667,7:54:21 PM:016,1
573,217.59,0.229,36.40,49.98,0.731,7:54:21 PM:391,1
574,217.64,0.257,47.21,49.98,0.844,7:54:21 PM:766,1
575,217.50,0.238,39.15,49.98,0.756,7:54:22 PM:156,1
576,217.57,0.294,54.10,49.98,0.846,7:54:22 PM:531,1
577,217.66,0.210,34.86,49.98,0.763,7:54:22 PM:906,1
578,217.60,0.249,44.97,49.96,0.830,7:54:23 PM:281,1
579,217.60,0.268,48.78,49.97,0.836,7:54:23 PM:656,1
580,217.55,0.320,61.46,49.96,0.883,7:54:24 PM:046,1
581,217.58,0.244,41.26,49.97,0.777,7:54:24 PM:421,1
582,217.55,0.209,34.98,49.97,0.769,7:54:24 PM:796,1
583,217.64,0.239,41.51,49.97,0.798,7:54:25 PM:171,1
584,217.80,0.261,46.91,49.97,0.825,7:54:25 PM:546,1
585,217.80,0.227,36.49,49.98,0.738,7:54:25 PM:921,1
586,217.71,0.253,45.48,49.97,0.826,7:54:26 PM:296,1
587,217.75,0.302,51.94,49.96,0.790,7:54:26 PM:671,1
588,217.65,0.280,52.71,49.97,0.865,7:54:27 PM:061,1
589,217.79,0.294,55.03,49.97,0.859,7:54:27 PM:436,1
590,218.02,0.294,56.08,49.97,0.875,7:54:27 PM:889,1
591,218.03,0.324,61.67,49.97,0.873,7:54:28 PM:280,1
592,218.06,0.222,36.40,49.98,0.752,7:54:28 PM:655,1
593,217.98,0.227,38.33,49.96,0.775,7:54:29 PM:029,1
594,217.91,0.351,68.09,49.97,0.890,7:54:29 PM:420,1
595,217.91,0.257,47.05,49.96,0.840,7:54:29 PM:811,1
596,218.06,0.210,34.42,49.97,0.752,7:54:30 PM:185,1
597,218.00,0.265,36.05,49.96,0.624,7:54:30 PM:576,1
598,217.92,0.232,38.75,49.96,0.767,7:54:30 PM:951,1
599,218.07,0.230,38.26,49.97,0.763,7:54:31 PM:326,1
600,218.12,0.228,39.25,49.97,0.789,7:54:31 PM:701,1
601,218.09,0.195,30.39,49.96,0.715,7:54:32 PM:091,1
602,218.14,0.257,46.51,49.95,0.830,7:54:32 PM:466,1
603,217.93,0.289,54.84,49.96,0.871,7:54:32 PM:841,1
604,217.91,0.296,55.90,49.98,0.867,7:54:33 PM:231,1
605,218.00,0.241,28.89,49.97,0.550,7:54:33 PM:622,1
606,217.97,0.225,37.00,49.97,0.754,7:54:33 PM:997,1
607,217.89,0.301,57.28,49.96,0.873,7:54:34 PM:372,1
608,217.98,0.305,58.44,49.96,0.879,7:54:34 PM:747,1
609,218.00,0.301,56.30,49.97,0.858,7:54:35 PM:137,1
610,218.01,0.272,49.72,49.96,0.838,7:54:35 PM:512,1
611,217.97,0.208,34.68,49.97,0.765,7:54:35 PM:887,1
612,217.99,0.251,44.92,49.97,0.821,7:54:36 PM:262,1
613,218.20,0.310,50.04,49.97,0.740,7:54:36 PM:653,1
614,218.06,0.314,59.01,49.96,0.862,7:54:38 PM:090,1
615,217.93,0.303,57.63,49.97,0.873,7:54:38 PM:465,1
616,217.87,0.291,54.82,49.98,0.865,7:54:38 PM:840,1
617,217.93,0.304,57.73,49.96,0.871,7:54:39 PM:230,1
618,217.86,0.311,59.65,49.98,0.880,7:54:39 PM:605,1
619,218.02,0.312,52.85,49.95,0.777,7:54:39 PM:996,1
620,218.16,0.243,37.66,49.97,0.710,7:54:40 PM:386,1
621,218.20,0.254,45.06,49.96,0.813,7:54:40 PM:761,1
622,218.22,0.215,33.73,49.97,0.719,7:54:41 PM:136,1
623,218.26,0.279,51.57,49.98,0.847,7:54:41 PM:511,1
624,218.13,0.205,33.86,49.97,0.757,7:54:41 PM:886,1
625,218.13,0.234,40.23,49.97,0.788,7:54:42 PM:261,1
626,218.12,0.301,57.16,49.98,0.871,7:54:42 PM:651,1
627,218.04,0.236,39.40,49.97,0.766,7:54:43 PM:026,1
628,218.05,0.250,40.82,49.98,0.749,7:54:43 PM:401,1
629,218.07,0.335,64.54,49.97,0.883,7:54:43 PM:776,1
630,218.12,0.213,35.20,49.97,0.758,7:54:44 PM:151,1
631,218.02,0.245,42.43,49.98,0.794,7:54:44 PM:526,1
632,217.91,0.367,72.70,49.98,0.909,7:54:44 PM:916,1
633,218.00,0.347,60.74,49.98,0.803,7:54:45 PM:291,1
634,218.19,0.312,41.49,49.97,0.610,7:54:45 PM:666,1
635,218.01,0.266,48.99,49.99,0.845,7:54:46 PM:057,1
636,218.06,0.218,37.92,49.96,0.798,7:54:46 PM:432,1
637,217.97,0.301,57.02,49.98,0.869,7:54:46 PM:806,1
638,218.05,0.232,39.09,49.99,0.773,7:54:47 PM:181,1
639,218.03,0.194,32.00,49.98,0.757,7:54:47 PM:556,1
640,217.89,0.267,48.18,49.98,0.828,7:54:47 PM:931,1
641,217.88,0.316,60.10,49.96,0.873,7:54:48 PM:306,1
642,217.92,0.356,69.68,49.97,0.898,7:54:48 PM:681,1
643,217.97,0.200,32.55,49.98,0.747,7:54:49 PM:056,1
644,218.08,0.281,50.62,49.99,0.826,7:54:49 PM:431,1
645,217.98,0.163,25.57,50.00,0.720,7:54:49 PM:806,1
646,218.14,0.365,39.35,49.99,0.494,7:54:50 PM:181,1
647,218.08,0.358,70.33,49.98,0.901,7:54:50 PM:571,1
648,217.97,0.373,73.75,49.98,0.907,7:54:50 PM:962,1
649,218.04,0.348,67.76,49.98,0.893,7:54:51 PM:352,1
650,218.12,0.336,64.79,49.98,0.884,7:54:51 PM:743,1
651,218.01,0.353,68.89,49.97,0.895,7:54:52 PM:118,1
652,218.03,0.395,78.81,49.99,0.915,7:54:52 PM:493,1
653,218.03,0.248,38.59,49.99,0.714,7:54:52 PM:883,1
654,217.96,0.267,48.42,49.99,0.832,7:54:53 PM:258,1
655,218.17,0.213,36.46,49.98,0.785,7:54:53 PM:633,1
656,218.05,0.265,45.69,49.98,0.791,7:54:54 PM:008,1
657,218.01,0.328,62.97,49.99,0.881,7:54:54 PM:399,1
658,217.96,0.302,55.28,49.99,0.840,7:54:54 PM:789,1
659,217.90,0.258,43.91,49.99,0.781,7:54:55 PM:164,1
660,218.04,0.299,56.44,49.99,0.866,7:54:55 PM:539,1
661,217.94,0.285,53.56,50.00,0.862,7:54:55 PM:914,1
662,217.89,0.290,55.06,49.99,0.871,7:54:56 PM:289,1
663,218.11,0.190,29.81,49.99,0.719,7:54:56 PM:664,1
664,217.85,0.218,36.75,50.00,0.774,7:54:57 PM:039,1
665,218.04,0.270,46.01,50.00,0.782,7:54:57 PM:413,1
666,218.17,0.245,42.10,50.01,0.788,7:54:57 PM:788,1
667,218.23,0.224,35.41,49.99,0.724,7:54:58 PM:163,1
668,218.15,0.318,61.26,49.99,0.883,7:54:58 PM:538,1
669,218.05,0.218,34.86,50.01,0.733,7:54:58 PM:913,1
670,218.02,0.190,31.22,50.00,0.754,7:54:59 PM:304,1
671,217.96,0.322,38.15,49.99,0.544,7:54:59 PM:694,1
672,217.90,0.327,63.66,49.99,0.893,7:55:00 PM:085,1
673,218.08,0.344,65.76,50.01,0.877,7:55:00 PM:475,1
674,218.05,0.281,52.79,50.00,0.862,7:55:00 PM:850,1
675,218.03,0.305,53.79,50.01,0.809,7:55:01 PM:240,1
676,218.36,0.272,45.94,50.01,0.773,7:55:01 PM:615,1
677,218.16,0.303,55.10,49.99,0.834,7:55:01 PM:990,1
678,218.19,0.421,71.76,50.01,0.781,7:55:02 PM:365,1
679,218.28,0.371,73.10,50.02,0.903,7:55:02 PM:756,1
680,218.10,0.393,77.74,50.01,0.907,7:55:03 PM:146,1
681,218.15,0.357,70.21,50.00,0.902,7:55:03 PM:537,1
682,218.14,0.292,54.92,50.02,0.862,7:55:03 PM:912,1
683,218.19,0.262,46.25,50.01,0.809,7:55:04 PM:287,1
684,218.22,0.241,41.50,50.02,0.789,7:55:04 PM:677,1
685,218.07,0.220,38.38,50.01,0.800,7:55:05 PM:052,1
686,218.18,0.320,58.00,50.01,0.831,7:55:05 PM:427,1
687,218.13,0.253,45.93,50.01,0.832,7:55:05 PM:803,1
688,218.06,0.249,43.57,50.02,0.802,7:55:06 PM:178,1
689,218.27,0.244,39.18,50.02,0.736,7:55:06 PM:553,1
690,218.26,0.264,48.79,50.03,0.847,7:55:06 PM:928,1
691,218.27,0.266,47.91,50.02,0.825,7:55:07 PM:303,1
692,218.27,0.324,62.84,50.01,0.889,7:55:07 PM:677,1
693,218.29,0.241,42.23,50.03,0.803,7:55:08 PM:052,1
694,218.37,0.260,46.08,50.04,0.812,7:55:08 PM:427,1
695,218.33,0.233,41.58,50.04,0.817,7:55:08 PM:818,1
696,218.22,0.320,54.17,50.04,0.776,7:55:09 PM:208,1
697,218.25,0.359,70.51,50.03,0.900,7:55:09 PM:599,1
698,218.09,0.356,69.60,50.03,0.896,7:55:09 PM:974,1
699,218.26,0.348,67.21,50.04,0.885,7:55:10 PM:349,1
700,218.38,0.301,57.00,50.03,0.867,7:55:10 PM:739,1
701,218.29,0.285,53.45,50.04,0.859,7:55:11 PM:130,1
702,218.39,0.301,57.48,50.03,0.874,7:55:11 PM:520,1
703,218.41,0.324,62.79,50.03,0.887,7:55:11 PM:911,1
704,218.29,0.266,46.05,50.05,0.793,7:55:12 PM:301,1
705,218.31,0.313,53.47,50.05,0.783,7:55:12 PM:692,1
706,218.14,0.291,52.31,50.05,0.824,7:55:13 PM:078,1
707,218.25,0.295,51.95,50.05,0.807,7:55:13 PM:458,1
708,218.02,0.206,32.77,50.05,0.730,7:55:13 PM:833,1
709,217.91,0.292,46.50,50.05,0.731,7:55:14 PM:207,1
710,217.94,0.209,33.75,50.05,0.741,7:55:14 PM:581,1
711,218.09,0.210,34.84,50.04,0.761,7:55:14 PM:957,1
712,218.08,0.195,31.25,50.04,0.735,7:55:15 PM:334,1
713,218.04,0.337,62.02,50.04,0.844,7:55:15 PM:711,1
714,217.94,0.346,67.71,50.04,0.898,7:55:16 PM:088,1
715,217.96,0.311,59.23,50.04,0.874,7:55:16 PM:464,1
716,218.14,0.456,32.78,50.04,0.330,7:55:16 PM:839,1
717,217.95,0.277,43.89,50.04,0.727,7:55:17 PM:211,1
718,217.94,0.345,65.70,50.04,0.874,7:55:17 PM:603,1
719,218.02,0.248,41.37,50.05,0.765,7:55:17 PM:980,1
720,217.81,0.403,52.70,50.05,0.600,7:55:18 PM:345,1
721,217.82,0.346,51.66,50.04,0.685,7:55:18 PM:726,1
722,217.85,0.232,40.69,50.04,0.805,7:55:19 PM:104,1
723,218.00,0.268,49.24,50.04,0.843,7:55:19 PM:483,1
724,218.01,0.297,50.20,50.04,0.775,7:55:19 PM:859,1
725,217.95,0.287,53.40,50.04,0.854,7:55:20 PM:239,1
726,218.06,0.216,34.04,50.03,0.723,7:55:20 PM:630,1
727,218.11,0.245,43.74,50.04,0.818,7:55:21 PM:012,1
728,218.20,0.192,31.15,50.04,0.744,7:55:21 PM:379,1
729,218.32,0.361,48.65,50.05,0.617,7:55:21 PM:759,1
730,218.21,0.268,45.52,50.04,0.778,7:55:22 PM:139,1
731,218.08,0.291,53.06,50.03,0.836,7:55:22 PM:515,1
732,218.07,0.251,40.22,50.05,0.735,7:55:22 PM:899,1
733,217.91,0.267,48.97,50.03,0.842,7:55:23 PM:285,1
734,218.09,0.356,61.82,50.05,0.796,7:55:23 PM:666,1
735,218.17,0.275,50.88,50.06,0.848,7:55:24 PM:033,1
736,218.12,0.272,46.47,50.04,0.783,7:55:24 PM:419,1
737,218.16,0.366,68.99,50.04,0.864,7:55:24 PM:802,1
738,218.05,0.330,62.41,50.04,0.867,7:55:25 PM:178,1
739,218.07,0.277,51.25,50.04,0.848,7:55:25 PM:553,1
740,218.12,0.294,55.52,50.03,0.866,7:55:25 PM:930,1
741,218.00,0.355,67.12,50.02,0.867,7:55:26 PM:307,1
742,218.26,0.315,55.51,50.04,0.807,7:55:26 PM:683,1
743,218.24,0.308,55.99,50.05,0.833,7:55:27 PM:076,1
744,218.14,0.354,65.19,50.04,0.844,7:55:27 PM:450,1
745,218.30,0.313,58.75,50.03,0.860,7:55:27 PM:812,1
746,218.37,0.244,41.55,50.05,0.780,7:55:28 PM:189,1
747,218.30,0.262,42.21,50.02,0.738,7:55:28 PM:568,1
748,218.25,0.305,47.90,50.05,0.720,7:55:28 PM:947,1
749,218.25,0.229,36.64,50.05,0.733,7:55:29 PM:313,1
750,218.30,0.320,61.37,50.05,0.878,7:55:29 PM:705,1
751,218.20,0.326,52.49,50.04,0.738,7:55:30 PM:085,1
752,218.06,0.298,52.25,50.04,0.804,7:55:30 PM:463,1
753,218.20,0.425,66.25,50.04,0.714,7:55:30 PM:838,1
754,218.23,0.322,54.26,50.05,0.772,7:55:31 PM:208,1
755,218.40,0.279,52.27,50.03,0.858,7:55:31 PM:592,1
756,218.44,0.286,53.79,50.03,0.861,7:55:31 PM:968,1
757,218.29,0.252,43.05,50.04,0.783,7:55:32 PM:353,1
758,218.33,0.354,61.50,50.04,0.796,7:55:32 PM:730,1
759,218.29,0.343,57.01,50.03,0.761,7:55:33 PM:106,1
760,218.23,0.399,63.46,50.03,0.729,7:55:33 PM:485,1
761,218.32,0.303,53.54,50.05,0.809,7:55:33 PM:877,1
762,218.31,0.326,60.89,50.03,0.856,7:55:34 PM:249,1
763,218.28,0.319,61.57,50.03,0.884,7:55:34 PM:639,1
764,218.29,0.344,67.49,50.05,0.899,7:55:35 PM:025,1
765,218.23,0.323,44.42,50.03,0.630,7:55:35 PM:415,1
766,218.27,0.275,47.14,50.03,0.785,7:55:35 PM:780,1
767,218.17,0.525,64.68,50.03,0.565,7:55:36 PM:172,1
768,218.51,0.329,50.51,50.03,0.703,7:55:36 PM:563,1
769,218.52,0.264,47.40,50.04,0.822,7:55:36 PM:939,1
770,218.31,0.291,48.70,50.04,0.767,7:55:37 PM:316,1
771,218.28,0.228,37.96,50.03,0.763,7:55:37 PM:694,1
772,218.26,0.220,36.63,50.03,0.763,7:55:38 PM:078,1
773,218.26,0.228,40.53,50.03,0.815,7:55:38 PM:453,1
774,218.36,0.331,49.88,50.04,0.690,7:55:38 PM:832,1
775,218.29,0.326,36.12,50.04,0.508,7:55:39 PM:213,1
776,218.28,0.306,52.62,50.03,0.788,7:55:39 PM:582,1
777,218.32,0.304,58.32,50.03,0.879,7:55:39 PM:964,1
778,218.33,0.235,37.45,50.03,0.730,7:55:40 PM:330,1
779,218.23,0.382,43.67,50.03,0.524,7:55:40 PM:716,1
780,218.37,0.198,31.71,50.03,0.733,7:55:41 PM:084,1
781,218.52,0.226,39.35,50.03,0.797,7:55:41 PM:467,1
782,218.65,0.251,44.92,50.03,0.819,7:55:41 PM:853,1
783,218.49,0.210,35.04,50.03,0.764,7:55:42 PM:230,1
784,218.27,0.280,43.03,50.03,0.704,7:55:42 PM:604,1
785,218.44,0.246,37.00,50.03,0.689,7:55:42 PM:968,1
786,218.34,0.318,43.31,50.03,0.624,7:55:43 PM:350,1
787,218.20,0.322,55.25,50.02,0.786,7:55:43 PM:723,1
788,218.23,0.229,39.03,50.02,0.781,7:55:44 PM:101,1
789,218.30,0.270,48.60,50.03,0.825,7:55:44 PM:487,1
790,218.44,0.229,40.43,50.03,0.808,7:55:44 PM:876,1
791,218.37,0.220,37.16,50.02,0.774,7:55:45 PM:263,1
792,218.34,0.263,46.79,50.01,0.815,7:55:45 PM:632,1
793,218.24,0.237,42.21,50.02,0.816,7:55:46 PM:012,1
794,218.31,0.215,36.79,50.03,0.784,7:55:46 PM:389,1
795,218.30,0.253,43.94,50.03,0.796,7:55:46 PM:756,1
796,218.19,0.246,41.39,50.02,0.771,7:55:47 PM:148,1
797,218.25,0.223,39.14,50.01,0.804,7:55:47 PM:525,1
798,218.37,0.213,34.65,50.03,0.745,7:55:47 PM:899,1
799,218.18,0.292,53.25,50.01,0.836,7:55:48 PM:272,1
800,218.23,0.239,38.65,50.04,0.741,7:55:48 PM:647,1
801,218.29,0.241,41.88,50.02,0.796,7:55:49 PM:025,1
802,218.37,0.203,33.45,50.01,0.755,7:55:49 PM:414,1
803,218.43,0.173,27.86,50.02,0.737,7:55:49 PM:788,1
804,218.27,0.236,40.03,50.02,0.777,7:55:50 PM:160,1
805,218.23,0.224,37.71,50.02,0.771,7:55:50 PM:543,1
806,218.11,0.205,33.84,50.01,0.757,7:55:50 PM:910,1
807,218.20,0.216,37.21,50.01,0.790,7:55:51 PM:295,1
808,218.35,0.280,49.71,49.99,0.813,7:55:51 PM:661,1
809,218.26,0.190,29.59,50.02,0.713,7:55:52 PM:043,1
810,218.15,0.237,37.94,50.00,0.734,7:55:52 PM:413,1
811,218.26,0.186,28.84,49.99,0.710,7:55:52 PM:789,1
812,218.21,0.210,34.99,50.00,0.764,7:55:53 PM:166,1
813,218.14,0.299,48.29,49.99,0.740,7:55:53 PM:541,1
814,218.13,0.241,41.60,50.02,0.791,7:55:53 PM:917,1
815,218.16,0.242,43.18,49.99,0.818,7:55:54 PM:294,1
816,218.36,0.210,36.04,50.00,0.786,7:55:54 PM:667,1
817,218.30,0.180,28.96,50.00,0.737,7:55:55 PM:042,1
818,218.13,0.238,39.60,49.99,0.763,7:55:55 PM:423,1
819,218.08,0.293,55.49,50.00,0.868,7:55:55 PM:812,1
820,218.11,0.238,39.21,49.98,0.755,7:55:56 PM:197,1
821,218.34,0.202,34.08,50.00,0.773,7:55:56 PM:568,1
822,218.21,0.326,48.97,50.00,0.688,7:55:56 PM:947,1
823,218.20,0.211,34.75,49.99,0.755,7:55:57 PM:333,1
824,218.26,0.325,62.42,50.01,0.880,7:55:57 PM:715,1
825,218.28,0.488,55.95,49.99,0.525,7:55:58 PM:090,1
826,218.22,0.303,56.39,49.98,0.853,7:55:58 PM:466,1
827,218.15,0.265,46.32,49.98,0.801,7:55:58 PM:842,1
828,218.11,0.234,38.53,49.98,0.755,7:55:59 PM:220,1
829,218.07,0.242,41.57,49.98,0.788,7:55:59 PM:598,1
830,218.09,0.332,60.06,49.98,0.829,7:55:59 PM:976,1
831,218.02,0.311,58.89,49.98,0.868,7:56:00 PM:351,1
832,218.13,0.263,43.98,49.97,0.767,7:56:00 PM:723,1
833,217.82,0.267,48.93,49.99,0.841,7:56:01 PM:100,1
834,218.00,0.227,40.00,49.99,0.808,7:56:01 PM:473,1
835,218.16,0.295,54.06,49.98,0.840,7:56:01 PM:849,1
836,218.10,0.344,53.40,49.98,0.712,7:56:02 PM:223,1
837,218.14,0.211,32.98,49.98,0.716,7:56:02 PM:600,1
838,218.14,0.224,37.05,49.96,0.758,7:56:02 PM:975,1
839,218.03,0.212,34.55,49.96,0.748,7:56:03 PM:347,1
840,218.03,0.279,50.33,49.97,0.827,7:56:03 PM:720,1
841,217.91,0.339,66.32,49.97,0.898,7:56:04 PM:104,1
842,217.96,0.357,70.53,49.97,0.906,7:56:04 PM:470,1
843,218.21,0.206,32.75,49.97,0.728,7:56:04 PM:847,1
844,218.07,0.309,52.83,49.95,0.784,7:56:05 PM:224,1
845,218.04,0.323,61.46,49.98,0.873,7:56:05 PM:621,1
846,218.23,0.332,64.27,49.97,0.887,7:56:05 PM:990,1
847,218.24,0.196,32.99,49.97,0.771,7:56:06 PM:364,1
848,218.44,0.210,35.76,49.97,0.780,7:56:06 PM:736,1
849,218.42,0.260,43.15,49.97,0.760,7:56:07 PM:125,1
850,218.43,0.272,50.35,49.96,0.847,7:56:07 PM:501,1
851,218.49,0.212,35.58,49.96,0.768,7:56:07 PM:876,1
852,218.38,0.226,39.50,49.96,0.800,7:56:08 PM:249,1
853,218.29,0.265,48.06,49.96,0.831,7:56:08 PM:624,1
854,218.27,0.332,44.85,49.97,0.619,7:56:09 PM:015,1
855,218.15,0.304,57.62,49.96,0.869,7:56:09 PM:404,1
856,218.22,0.325,62.36,49.96,0.879,7:56:09 PM:779,1
857,218.25,0.358,69.59,49.95,0.891,7:56:10 PM:169,1
858,218.17,0.298,54.43,49.97,0.837,7:56:10 PM:539,1
859,218.19,0.247,44.36,49.95,0.823,7:56:10 PM:914,1
860,218.10,0.221,38.60,49.97,0.801,7:56:11 PM:291,1
861,218.23,0.238,41.65,49.95,0.802,7:56:11 PM:659,1
862,218.25,0.261,48.27,49.97,0.847,7:56:12 PM:050,1
863,218.11,0.283,52.95,49.96,0.858,7:56:12 PM:424,1
864,218.12,0.248,42.17,49.97,0.779,7:56:12 PM:799,1
865,218.08,0.233,39.25,49.97,0.772,7:56:13 PM:175,1
866,218.08,0.294,45.72,49.97,0.713,7:56:13 PM:571,1
867,218.03,0.287,49.92,49.96,0.798,7:56:13 PM:946,1
868,218.05,0.204,32.99,49.97,0.742,7:56:14 PM:320,1
869,218.09,0.231,39.14,49.97,0.777,7:56:14 PM:689,1
870,218.07,0.250,45.77,49.96,0.839,7:56:15 PM:067,1
871,217.70,0.242,41.33,49.97,0.784,7:56:15 PM:447,1
872,217.92,0.246,38.64,49.96,0.721,7:56:15 PM:836,1
873,217.85,0.198,32.98,49.98,0.764,7:56:16 PM:215,1
874,217.86,0.285,41.69,49.97,0.671,7:56:16 PM:582,1
875,217.89,0.222,37.61,49.97,0.778,7:56:16 PM:957,1
876,217.78,0.200,31.68,49.98,0.727,7:56:17 PM:337,1
877,217.85,0.258,45.85,49.97,0.816,7:56:17 PM:719,1
878,217.92,0.292,54.90,49.98,0.863,7:56:18 PM:096,1
879,217.74,0.346,66.57,49.97,0.884,7:56:18 PM:468,1
880,217.81,0.215,34.35,49.97,0.733,7:56:18 PM:854,1
881,217.75,0.212,35.82,49.98,0.776,7:56:19 PM:220,1
882,217.89,0.259,44.13,49.97,0.782,7:56:19 PM:602,1
883,217.84,0.272,48.29,49.97,0.815,7:56:19 PM:986,1
884,217.64,0.208,32.90,49.97,0.727,7:56:20 PM:372,1
885,217.77,0.236,40.95,49.97,0.797,7:56:20 PM:750,1
886,217.79,0.212,33.68,49.96,0.729,7:56:21 PM:125,1
887,217.72,0.299,40.35,49.98,0.620,7:56:21 PM:508,1
888,217.92,0.222,35.58,49.96,0.735,7:56:21 PM:896,1
889,217.90,0.222,37.61,49.96,0.778,7:56:22 PM:272,1
890,217.60,0.274,42.07,49.96,0.706,7:56:22 PM:647,1
891,217.67,0.254,37.44,49.96,0.677,7:56:23 PM:025,1
892,217.56,0.256,43.26,49.98,0.777,7:56:23 PM:402,1
893,217.66,0.230,36.48,49.96,0.729,7:56:23 PM:777,1
894,217.82,0.223,36.16,49.96,0.745,7:56:24 PM:139,1
895,217.77,0.251,37.85,49.96,0.693,7:56:24 PM:517,1
896,217.86,0.230,36.62,49.96,0.731,7:56:24 PM:893,1
897,217.86,0.253,45.33,49.97,0.822,7:56:25 PM:270,1
898,217.79,0.255,43.96,49.96,0.791,7:56:25 PM:646,1
899,217.91,0.215,37.18,49.98,0.794,7:56:26 PM:024,1
900,217.73,0.231,38.21,49.97,0.760,7:56:26 PM:414,1
901,217.88,0.196,32.88,49.97,0.770,7:56:26 PM:792,1
902,217.84,0.352,46.04,49.98,0.600,7:56:27 PM:169,1
903,217.94,0.275,25.09,49.97,0.419,7:56:27 PM:562,1
904,217.96,0.376,57.33,49.96,0.700,7:56:27 PM:937,1
905,217.93,0.301,50.38,49.97,0.768,7:56:28 PM:314,1
906,217.95,0.289,45.65,49.96,0.725,7:56:28 PM:707,1
907,217.81,0.207,31.85,49.99,0.706,7:56:29 PM:098,1
908,217.86,0.231,40.56,49.96,0.806,7:56:29 PM:492,1
909,218.04,0.221,35.64,49.95,0.740,7:56:29 PM:867,1
910,217.99,0.229,38.15,49.98,0.764,7:56:30 PM:245,1
911,217.99,0.198,31.25,49.97,0.724,7:56:30 PM:620,1
912,218.05,0.209,35.99,49.95,0.790,7:56:30 PM:998,1
913,218.00,0.226,37.76,49.97,0.766,7:56:31 PM:376,1
914,217.83,0.251,39.46,49.98,0.722,7:56:31 PM:751,1
915,217.95,0.212,33.21,49.96,0.719,7:56:32 PM:128,1
916,217.90,0.211,36.39,49.97,0.792,7:56:32 PM:506,1
917,218.03,0.215,34.37,49.96,0.733,7:56:32 PM:883,1
918,217.90,0.243,35.40,49.97,0.668,7:56:33 PM:258,1
919,217.93,0.223,35.01,49.97,0.720,7:56:33 PM:635,1
920,217.93,0.235,41.53,49.98,0.811,7:56:34 PM:012,1
921,217.82,0.279,46.11,49.97,0.759,7:56:34 PM:398,1
922,217.98,0.176,28.47,49.97,0.742,7:56:34 PM:780,1
923,217.75,0.232,36.88,49.98,0.730,7:56:35 PM:158,1
924,217.79,0.219,37.01,49.98,0.776,7:56:35 PM:536,1
925,217.91,0.218,36.89,49.98,0.777,7:56:35 PM:911,1
926,217.65,0.201,34.02,49.98,0.778,7:56:36 PM:288,1
927,217.71,0.231,37.01,49.99,0.736,7:56:36 PM:679,1
928,217.82,0.175,27.25,49.98,0.715,7:56:37 PM:055,1
929,217.76,0.227,38.09,49.97,0.771,7:56:37 PM:433,1
930,217.83,0.278,52.15,49.98,0.861,7:56:37 PM:811,1
931,217.86,0.219,34.85,49.98,0.730,7:56:38 PM:187,1
932,217.82,0.197,31.75,49.98,0.740,7:56:38 PM:578,1
933,217.88,0.237,42.43,49.98,0.822,7:56:38 PM:956,1
934,217.81,0.214,36.02,49.97,0.773,7:56:39 PM:332,1
935,217.80,0.414,41.57,49.98,0.461,7:56:39 PM:707,1
936,218.03,0.195,31.37,49.99,0.738,7:56:40 PM:085,1
937,217.92,0.229,40.35,49.99,0.809,7:56:40 PM:463,1
938,218.08,0.226,38.41,49.98,0.779,7:56:40 PM:840,1
939,218.13,0.259,45.41,49.99,0.804,7:56:41 PM:215,1
940,218.17,0.198,31.39,49.98,0.727,7:56:41 PM:592,1
941,218.01,0.225,37.84,49.99,0.771,7:56:41 PM:970,1
942,217.98,0.220,37.56,49.98,0.783,7:56:42 PM:344,1
943,217.98,0.223,38.02,49.99,0.782,7:56:42 PM:722,1
944,217.85,0.226,36.32,49.99,0.738,7:56:43 PM:099,1
945,217.75,0.264,46.02,49.99,0.801,7:56:43 PM:477,1
946,217.87,0.234,38.75,49.99,0.760,7:56:43 PM:851,1
947,217.83,0.258,42.96,49.99,0.764,7:56:44 PM:229,1
948,218.03,0.237,31.10,49.99,0.602,7:56:44 PM:607,1
949,217.98,0.214,36.60,50.00,0.785,7:56:44 PM:982,1
950,217.85,0.269,48.34,49.99,0.825,7:56:45 PM:342,1
951,217.91,0.247,41.04,50.00,0.762,7:56:45 PM:720,1
952,217.93,0.252,43.92,49.99,0.800,7:56:46 PM:096,1
953,217.77,0.263,48.66,49.99,0.850,7:56:46 PM:474,1
954,217.79,0.295,54.96,50.00,0.855,7:56:46 PM:850,1
955,217.77,0.252,43.23,49.98,0.788,7:56:47 PM:227,1
956,217.79,0.230,39.98,49.99,0.798,7:56:47 PM:602,1
957,217.80,0.267,48.21,49.98,0.829,7:56:47 PM:981,1
958,217.47,0.295,55.61,49.98,0.867,7:56:48 PM:372,1
959,217.56,0.280,49.68,49.98,0.816,7:56:48 PM:765,1
960,217.46,0.321,61.83,49.99,0.886,7:56:49 PM:143,1
961,217.56,0.397,46.83,49.98,0.542,7:56:49 PM:514,1
962,217.90,0.349,67.06,49.99,0.882,7:56:49 PM:900,1
963,217.98,0.221,37.30,49.99,0.774,7:56:50 PM:266,1
964,217.81,0.254,41.31,49.99,0.747,7:56:50 PM:641,1
965,217.91,0.233,40.01,50.00,0.788,7:56:51 PM:019,1
966,217.72,0.261,46.93,49.99,0.826,7:56:51 PM:404,1
967,217.75,0.263,48.64,49.99,0.849,7:56:51 PM:765,1
968,217.79,0.233,36.92,50.01,0.728,7:56:52 PM:144,1
969,217.67,0.261,46.62,50.01,0.821,7:56:52 PM:520,1
970,217.79,0.203,33.82,50.00,0.765,7:56:52 PM:909,1
971,217.79,0.251,45.65,49.98,0.835,7:56:53 PM:288,1
972,217.82,0.214,32.92,50.01,0.706,7:56:53 PM:668,1
973,217.92,0.304,27.83,50.02,0.420,7:56:54 PM:031,1
974,217.84,0.206,33.62,49.99,0.749,7:56:54 PM:408,1
975,217.90,0.232,39.70,49.98,0.785,7:56:54 PM:785,1
976,217.88,0.222,36.89,50.00,0.763,7:56:55 PM:157,1
977,217.64,0.217,36.66,50.01,0.776,7:56:55 PM:536,1
978,217.86,0.208,35.05,49.99,0.773,7:56:55 PM:923,1
979,217.68,0.230,40.53,50.01,0.810,7:56:56 PM:310,1
980,217.66,0.264,48.50,50.01,0.844,7:56:56 PM:688,1
981,217.65,0.274,50.54,49.99,0.847,7:56:57 PM:068,1
982,217.62,0.233,40.99,50.01,0.808,7:56:57 PM:458,1
983,217.75,0.265,48.47,49.99,0.840,7:56:57 PM:842,1
984,217.81,0.337,39.74,50.01,0.541,7:56:58 PM:218,1
985,217.76,0.222,38.22,50.00,0.791,7:56:58 PM:609,1
986,217.64,0.303,54.75,50.01,0.830,7:56:59 PM:002,1
987,217.47,0.287,52.72,50.01,0.845,7:56:59 PM:378,1
988,217.49,0.272,47.70,49.98,0.806,7:56:59 PM:759,1
989,217.71,0.250,41.01,50.01,0.753,7:57:00 PM:133,1
990,217.68,0.237,41.72,50.00,0.809,7:57:00 PM:517,1
991,217.78,0.283,51.64,50.00,0.838,7:57:00 PM:892,1
992,217.69,0.238,42.36,50.02,0.818,7:57:01 PM:278,1
993,217.71,0.224,36.46,49.99,0.748,7:57:01 PM:640,1
994,217.77,0.173,28.00,50.01,0.743,7:57:02 PM:029,1
995,217.51,0.266,44.06,50.04,0.762,7:57:02 PM:403,1
996,217.72,0.235,39.76,50.01,0.777,7:57:02 PM:772,1
997,217.86,0.206,34.70,50.00,0.773,7:57:03 PM:146,1
998,217.87,0.233,40.07,50.01,0.789,7:57:03 PM:529,1
999,217.96,0.306,57.38,50.00,0.860,7:57:03 PM:897,1
1000,217.85,0.233,41.58,49.99,0.819,7:57:04 PM:276,1
1001,217.81,0.240,42.64,50.00,0.816,7:57:04 PM:651,1
1002,217.84,0.177,27.96,49.99,0.725,7:57:05 PM:026,1
1003,217.74,0.264,48.11,50.00,0.837,7:57:05 PM:400,1
1004,217.92,0.261,40.72,49.99,0.716,7:57:05 PM:774,1
1005,217.97,0.221,34.92,49.98,0.725,7:57:06 PM:144,1
1006,217.89,0.197,32.74,50.01,0.763,7:57:06 PM:524,1
1007,218.08,0.333,50.21,50.00,0.691,7:57:06 PM:901,1
1008,218.11,0.257,47.11,50.00,0.840,7:57:07 PM:270,1
1009,217.82,0.272,50.64,50.01,0.855,7:57:07 PM:647,1
1010,218.15,0.232,39.19,50.01,0.774,7:57:08 PM:018,1
1011,218.05,0.317,60.96,50.00,0.882,7:57:08 PM:402,1
1012,218.06,0.239,41.61,50.02,0.798,7:57:08 PM:766,1
1013,218.05,0.235,38.92,50.00,0.759,7:57:09 PM:142,1
1014,217.97,0.221,36.40,50.01,0.756,7:57:09 PM:517,1
1015,218.10,0.272,50.17,49.99,0.846,7:57:09 PM:891,1
1016,218.04,0.251,44.40,50.01,0.811,7:57:10 PM:282,1
1017,217.98,0.223,37.56,50.01,0.773,7:57:10 PM:672,1
1018,218.28,0.201,32.46,50.01,0.740,7:57:11 PM:060,1
1019,218.09,0.282,50.25,50.00,0.817,7:57:11 PM:437,1
1020,218.20,0.206,35.07,50.01,0.780,7:57:11 PM:814,1
1021,218.12,0.265,42.01,50.01,0.727,7:57:12 PM:205,1
1022,217.91,0.190,30.12,50.01,0.727,7:57:12 PM:594,1
1023,218.01,0.240,42.36,50.01,0.810,7:57:12 PM:990,1
1024,217.94,0.368,45.43,50.01,0.566,7:57:13 PM:377,1
1025,217.90,0.268,46.76,49.99,0.801,7:57:13 PM:761,1
1026,217.91,0.223,37.60,50.01,0.774,7:57:14 PM:138,1
1027,217.86,0.227,38.48,50.01,0.778,7:57:14 PM:512,1
1028,218.02,0.277,50.46,50.02,0.836,7:57:14 PM:886,1
1029,217.97,0.292,54.90,50.01,0.863,7:57:15 PM:258,1
1030,217.91,0.267,48.78,50.01,0.838,7:57:15 PM:650,1
1031,217.97,0.218,38.03,49.99,0.800,7:57:16 PM:039,1
1032,217.93,0.266,45.68,50.01,0.788,7:57:16 PM:410,1
1033,218.09,0.283,51.95,49.99,0.842,7:57:16 PM:793,1
1034,218.09,0.211,35.41,50.02,0.770,7:57:17 PM:160,1
1035,217.84,0.213,35.63,50.01,0.768,7:57:17 PM:546,1
1036,217.90,0.301,56.69,50.02,0.864,7:57:17 PM:924,1
1037,217.90,0.227,39.93,50.01,0.807,7:57:18 PM:298,1
1038,217.78,0.298,55.91,50.01,0.862,7:57:18 PM:686,1
1039,217.78,0.286,53.95,50.01,0.866,7:57:19 PM:061,1
1040,217.80,0.241,43.14,50.01,0.822,7:57:19 PM:441,1
1041,218.07,0.263,48.75,50.01,0.850,7:57:19 PM:816,1
1042,217.97,0.264,47.37,50.01,0.823,7:57:20 PM:191,1
1043,217.83,0.292,55.54,50.02,0.873,7:57:20 PM:566,1
1044,218.04,0.303,51.37,50.01,0.778,7:57:20 PM:941,1
1045,218.05,0.247,37.55,50.00,0.697,7:57:21 PM:316,1
1046,217.88,0.294,44.56,49.99,0.696,7:57:21 PM:706,1
1047,217.93,0.233,38.49,50.01,0.758,7:57:22 PM:097,1
1048,217.96,0.300,56.07,50.01,0.858,7:57:22 PM:484,1
1049,217.79,0.282,53.02,50.00,0.863,7:57:22 PM:864,1
1050,217.94,0.288,54.57,50.01,0.869,7:57:23 PM:239,1
1051,217.92,0.294,55.73,50.03,0.870,7:57:23 PM:629,1
1052,217.97,0.295,54.52,50.01,0.848,7:57:24 PM:020,1
1053,218.04,0.268,47.03,50.03,0.805,7:57:24 PM:395,1
1054,218.11,0.286,53.94,49.99,0.865,7:57:24 PM:769,1
1055,218.10,0.274,49.10,50.01,0.822,7:57:25 PM:144,1
1056,218.03,0.258,47.52,50.02,0.845,7:57:25 PM:535,1
1057,218.08,0.270,46.56,50.01,0.791,7:57:25 PM:910,1
1058,218.01,0.228,39.99,50.01,0.804,7:57:26 PM:300,1
1059,218.06,0.241,43.45,50.02,0.827,7:57:26 PM:675,1
1060,218.14,0.261,47.40,50.02,0.833,7:57:27 PM:050,1
1061,218.13,0.217,33.24,50.01,0.702,7:57:27 PM:425,1
1062,218.06,0.284,52.95,50.03,0.855,7:57:27 PM:800,1
1063,218.24,0.266,49.07,50.02,0.845,7:57:28 PM:174,1
1064,218.24,0.305,58.00,50.02,0.871,7:57:28 PM:549,1
1065,218.21,0.282,52.42,50.04,0.852,7:57:28 PM:924,1
1066,218.14,0.302,57.63,50.04,0.875,7:57:29 PM:299,1
1067,218.19,0.311,59.68,50.03,0.879,7:57:29 PM:674,1
1068,218.27,0.269,46.24,50.03,0.788,7:57:30 PM:049,1
1069,218.24,0.256,42.85,50.03,0.767,7:57:30 PM:424,1
1070,218.33,0.282,45.05,50.04,0.732,7:57:30 PM:799,1
1071,218.40,0.336,64.58,50.04,0.880,7:57:31 PM:180,1
1072,218.16,0.288,46.64,50.04,0.742,7:57:31 PM:565,1
1073,218.07,0.312,59.47,50.03,0.874,7:57:31 PM:940,1
1074,218.11,0.322,62.43,50.04,0.889,7:57:32 PM:327,1
1075,218.20,0.259,47.71,50.05,0.844,7:57:32 PM:717,1
1076,218.11,0.260,45.82,50.04,0.808,7:57:33 PM:108,1
1077,218.17,0.244,41.59,50.05,0.781,7:57:33 PM:483,1
1078,218.23,0.236,41.84,50.03,0.812,7:57:33 PM:858,1
1079,218.19,0.242,41.60,50.05,0.788,7:57:34 PM:233,1
1080,218.35,0.228,34.98,50.05,0.703,7:57:34 PM:608,1
1081,218.30,0.243,41.36,50.04,0.780,7:57:34 PM:994,1
1082,218.23,0.203,34.29,50.04,0.774,7:57:35 PM:369,1
1083,218.03,0.235,40.32,50.04,0.787,7:57:35 PM:744,1
1084,218.05,0.205,32.75,50.03,0.733,7:57:36 PM:119,1
1085,217.96,0.225,38.30,50.05,0.781,7:57:36 PM:494,1
1086,217.98,0.300,39.41,50.03,0.603,7:57:36 PM:869,1
1087,218.11,0.242,41.60,50.04,0.788,7:57:37 PM:260,1
1088,218.08,0.194,32.11,50.03,0.759,7:57:37 PM:635,1
1089,218.06,0.215,36.51,50.05,0.779,7:57:38 PM:009,1
1090,218.00,0.228,36.62,50.03,0.737,7:57:38 PM:384,1
1091,217.91,0.240,41.49,50.04,0.793,7:57:38 PM:759,1
1092,217.82,0.202,34.23,50.04,0.778,7:57:39 PM:134,1
1093,217.83,0.221,38.65,50.05,0.803,7:57:39 PM:509,1
1094,218.02,0.287,37.35,50.04,0.597,7:57:39 PM:884,1
1095,217.99,0.278,47.34,50.04,0.781,7:57:40 PM:259,1
1096,217.95,0.208,34.48,50.04,0.760,7:57:40 PM:634,1
1097,218.11,0.237,41.37,50.05,0.800,7:57:41 PM:009,1
1098,217.90,0.231,37.79,50.05,0.751,7:57:41 PM:399,1
1099,217.98,0.189,30.70,50.03,0.745,7:57:41 PM:774,1
1100,217.95,0.188,31.08,50.05,0.759,7:57:42 PM:149,1
1101,217.95,0.192,31.81,50.04,0.760,7:57:42 PM:524,1
1102,217.96,0.206,32.88,50.05,0.732,7:57:42 PM:899,1
1103,217.94,0.161,23.92,50.04,0.682,7:57:43 PM:274,1
1104,217.88,0.221,35.46,50.03,0.736,7:57:43 PM:649,1
1105,217.71,0.197,32.89,50.05,0.767,7:57:44 PM:024,1
1106,217.81,0.225,37.85,50.05,0.772,7:57:44 PM:398,1
1107,218.01,0.235,23.03,50.04,0.449,7:57:44 PM:774,1
1108,217.82,0.233,38.68,50.04,0.762,7:57:45 PM:148,1
1109,217.87,0.199,32.74,50.04,0.755,7:57:45 PM:523,1
1110,218.00,0.252,43.08,50.03,0.784,7:57:45 PM:898,1
1111,217.99,0.243,27.39,50.06,0.517,7:57:46 PM:273,1
1112,217.96,0.236,38.41,50.05,0.747,7:57:46 PM:648,1
1113,217.94,0.187,30.12,50.05,0.739,7:57:47 PM:023,1
1114,218.02,0.207,35.54,50.04,0.787,7:57:47 PM:398,1
1115,218.04,0.182,28.55,50.06,0.719,7:57:47 PM:773,1
1116,217.71,0.285,36.45,50.02,0.587,7:57:48 PM:148,1
1117,217.81,0.200,32.30,50.04,0.741,7:57:48 PM:523,1
1118,217.98,0.200,33.76,50.04,0.774,7:57:48 PM:913,1
1119,217.90,0.223,38.12,50.03,0.784,7:57:49 PM:288,1
1120,217.86,0.214,35.84,50.04,0.769,7:57:49 PM:678,1
1121,218.06,0.178,27.20,50.05,0.701,7:57:50 PM:054,1
1122,218.13,0.223,37.29,50.04,0.767,7:57:50 PM:428,1
1123,218.28,0.199,32.30,50.03,0.743,7:57:50 PM:803,1
1124,218.13,0.374,38.54,50.05,0.472,7:57:51 PM:178,1
1125,218.17,0.189,29.57,50.03,0.717,7:57:51 PM:553,1
1126,218.28,0.199,33.26,50.04,0.766,7:57:51 PM:928,1
1127,218.29,0.217,36.20,50.05,0.764,7:57:52 PM:303,1
1128,218.11,0.213,34.56,50.03,0.744,7:57:52 PM:678,1
1129,218.01,0.180,27.58,50.04,0.703,7:57:53 PM:053,1
1130,218.01,0.204,34.47,50.03,0.775,7:57:53 PM:435,1
1131,218.05,0.289,54.96,50.05,0.872,7:57:53 PM:801,1
1132,218.06,0.307,58.34,50.05,0.871,7:57:54 PM:185,1
1133,218.28,0.266,49.21,50.04,0.847,7:57:54 PM:560,1
1134,218.20,0.327,63.37,50.03,0.888,7:57:54 PM:935,1
1135,218.14,0.288,54.48,50.06,0.867,7:57:55 PM:310,1
1136,218.01,0.294,54.69,50.04,0.853,7:57:55 PM:701,1
1137,218.03,0.203,31.38,50.04,0.709,7:57:56 PM:076,1
1138,217.99,0.227,38.80,50.04,0.784,7:57:56 PM:451,1
1139,218.02,0.221,36.26,50.04,0.753,7:57:56 PM:826,1
1140,218.03,0.419,41.96,50.05,0.459,7:57:57 PM:216,1
1141,218.12,0.208,32.56,50.05,0.718,7:57:57 PM:591,1
1142,218.15,0.229,38.22,50.05,0.765,7:57:57 PM:966,1
1143,218.02,0.225,38.08,50.04,0.776,7:57:58 PM:347,1
1144,217.98,0.238,41.23,50.03,0.795,7:57:58 PM:737,1
1145,218.07,0.225,38.35,50.04,0.782,7:57:59 PM:118,1
1146,218.05,0.390,47.94,50.04,0.564,7:57:59 PM:509,1
1147,218.19,0.231,40.25,50.05,0.799,7:57:59 PM:882,1
1148,218.17,0.233,40.36,50.05,0.794,7:58:00 PM:257,1
1149,218.16,0.235,36.72,50.05,0.716,7:58:00 PM:632,1
1150,218.14,0.227,39.88,50.04,0.805,7:58:01 PM:012,1
1151,218.01,0.240,42.95,50.05,0.821,7:58:01 PM:382,1
1152,217.99,0.209,35.68,50.05,0.783,7:58:01 PM:772,1
1153,218.08,0.223,36.30,50.04,0.746,7:58:02 PM:151,1
1154,218.15,0.192,30.99,50.04,0.740,7:58:02 PM:527,1
1155,218.23,0.201,34.06,50.04,0.776,7:58:02 PM:902,1
1156,218.15,0.185,29.28,50.03,0.726,7:58:03 PM:281,1
1157,218.10,0.306,39.53,50.04,0.592,7:58:03 PM:676,1
1158,218.21,0.246,44.40,50.04,0.827,7:58:04 PM:057,1
1159,218.11,0.226,39.12,50.05,0.794,7:58:04 PM:437,1
1160,218.23,0.215,35.09,50.04,0.748,7:58:04 PM:813,1
1161,218.23,0.220,36.42,50.04,0.759,7:58:05 PM:195,1
1162,218.21,0.223,38.09,50.04,0.783,7:58:05 PM:578,1
1163,218.20,0.245,43.76,50.04,0.819,7:58:05 PM:956,1
1164,218.17,0.243,42.38,50.05,0.799,7:58:06 PM:336,1
1165,218.25,0.216,34.45,50.04,0.731,7:58:06 PM:710,1
1166,218.44,0.205,32.39,50.04,0.723,7:58:07 PM:092,1
1167,218.36,0.247,43.80,50.01,0.812,7:58:07 PM:468,1
1168,218.32,0.233,40.27,50.03,0.792,7:58:07 PM:839,1
1169,218.34,0.238,41.11,50.04,0.791,7:58:08 PM:215,1
1170,218.09,0.233,39.43,50.03,0.776,7:58:08 PM:594,1
1171,218.17,0.221,38.55,50.03,0.800,7:58:08 PM:969,1
1172,218.14,0.213,36.23,50.03,0.780,7:58:09 PM:346,1
1173,218.20,0.247,42.62,50.03,0.791,7:58:09 PM:722,1
1174,218.22,0.227,36.37,50.03,0.734,7:58:10 PM:097,1
1175,218.15,0.251,45.57,50.03,0.832,7:58:10 PM:475,1
1176,218.16,0.285,49.61,50.04,0.798,7:58:10 PM:860,1
1177,218.22,0.264,46.92,50.01,0.814,7:58:11 PM:246,1
1178,218.08,0.201,33.35,50.03,0.761,7:58:11 PM:621,1
1179,218.04,0.226,39.44,50.03,0.800,7:58:11 PM:998,1
1180,217.95,0.269,48.73,50.02,0.831,7:58:12 PM:375,1
1181,218.01,0.267,47.56,50.03,0.817,7:58:12 PM:751,1
1182,217.88,0.202,33.67,50.03,0.765,7:58:13 PM:113,1
1183,217.82,0.215,37.26,50.03,0.796,7:58:13 PM:489,1
1184,217.61,0.287,53.79,50.03,0.861,7:58:13 PM:867,1
1185,217.75,0.258,47.26,50.02,0.841,7:58:14 PM:242,1
1186,217.85,0.223,37.58,50.02,0.774,7:58:14 PM:620,1
1187,217.82,0.233,39.36,50.02,0.775,7:58:14 PM:998,1
1188,217.71,0.235,39.20,50.02,0.766,7:58:15 PM:379,1
1189,217.74,0.245,42.27,50.04,0.792,7:58:15 PM:757,1
1190,217.95,0.227,38.93,50.02,0.787,7:58:16 PM:139,1
1191,217.88,0.256,47.04,50.02,0.843,7:58:16 PM:505,1
1192,217.90,0.261,47.24,50.02,0.831,7:58:16 PM:886,1
1193,217.91,0.212,35.47,50.02,0.768,7:58:17 PM:277,1
1194,217.87,0.239,42.83,50.02,0.822,7:58:17 PM:663,1
1195,217.81,0.250,42.91,50.03,0.788,7:58:18 PM:053,1
1196,217.72,0.321,47.62,50.02,0.681,7:58:18 PM:444,1
1197,217.75,0.227,36.24,50.02,0.733,7:58:18 PM:834,1
1198,217.76,0.274,50.26,50.02,0.842,7:58:19 PM:225,1
1199,217.82,0.230,38.16,50.03,0.762,7:58:19 PM:600,1